time,pv_system_1_P_ac_W,pv_system_1_E_kWh,pv_system_2_P_ac_W,pv_system_2_E_kWh,P_total_ac_W,E_total_kWh
2026-09-25 00:00:00+02:00,0.0,0.0,0.0,0.0,0.0,0.0
2026-09-25 01:00:00+02:00,0.0,0.0,0.0,0.0,0.0,0.0
2026-09-25 02:00:00+02:00,0.0,0.0,0.0,0.0,0.0,0.0
2026-09-25 03:00:00+02:00,0.0,0.0,0.0,0.0,0.0,0.0
2026-09-25 04:00:00+02:00,0.0,0.0,0.0,0.0,0.0,0.0
2026-09-25 05:00:00+02:00,0.0,0.0,0.0,0.0,0.0,0.0
2026-09-25 06:00:00+02:00,0.0,0.0,0.0,0.0,0.0,0.0
2026-09-25 07:00:00+02:00,0.0,0.0,0.0,0.0,0.0,0.0
2026-09-25 08:00:00+02:00,96.13005403231767,0.09613005403231767,81.35026684402287,0.08135026684402287,177.48032087634056,0.17748032087634052
2026-09-25 09:00:00+02:00,2852.3164275546437,2.8523164275546438,812.3944513408056,0.8123944513408057,3664.7108788954492,3.664710878895449
2026-09-25 10:00:00+02:00,5349.340559110814,5.349340559110814,2594.386866435243,2.594386866435243,7943.727425546057,7.943727425546058
2026-09-25 11:00:00+02:00,7008.898462916176,7.008898462916176,4531.987596344952,4.531987596344952,11540.886059261127,11.540886059261128
2026-09-25 12:00:00+02:00,7899.592126664171,7.899592126664171,6268.36185773748,6.26836185773748,14167.95398440165,14.16795398440165
2026-09-25 13:00:00+02:00,7818.392864204038,7.818392864204038,7353.247801182744,7.353247801182745,15171.640665386782,15.171640665386782
2026-09-25 14:00:00+02:00,7243.999559104444,7.243999559104444,7951.083657276561,7.951083657276561,15195.083216381005,15.195083216381004
2026-09-25 15:00:00+02:00,6291.902615021179,6.291902615021179,8229.255348901434,8.229255348901434,14521.157963922613,14.521157963922613
2026-09-25 16:00:00+02:00,4679.097876685043,4.679097876685043,7661.302281158406,7.661302281158406,12340.400157843449,12.34040015784345
2026-09-25 17:00:00+02:00,2784.6086484374937,2.784608648437494,6377.782625612141,6.377782625612141,9162.391274049634,9.162391274049634
2026-09-25 18:00:00+02:00,1217.6681670491716,1.2176681670491716,4294.478412214293,4.294478412214293,5512.146579263464,5.512146579263464
2026-09-25 19:00:00+02:00,621.3373156745646,0.6213373156745646,1862.9236659935893,1.8629236659935893,2484.260981668154,2.484260981668154
2026-09-25 20:00:00+02:00,0.0,0.0,0.0,0.0,0.0,0.0
2026-09-25 21:00:00+02:00,0.0,0.0,0.0,0.0,0.0,0.0
2026-09-25 22:00:00+02:00,0.0,0.0,0.0,0.0,0.0,0.0
2026-09-25 23:00:00+02:00,0.0,0.0,0.0,0.0,0.0,0.0
2026-09-26 00:00:00+02:00,0.0,0.0,0.0,0.0,0.0,0.0
2026-09-26 01:00:00+02:00,0.0,0.0,0.0,0.0,0.0,0.0
2026-09-26 02:00:00+02:00,0.0,0.0,0.0,0.0,0.0,0.0
2026-09-26 03:00:00+02:00,0.0,0.0,0.0,0.0,0.0,0.0
2026-09-26 04:00:00+02:00,0.0,0.0,0.0,0.0,0.0,0.0
2026-09-26 05:00:00+02:00,0.0,0.0,0.0,0.0,0.0,0.0
2026-09-26 06:00:00+02:00,0.0,0.0,0.0,0.0,0.0,0.0
2026-09-26 07:00:00+02:00,0.0,0.0,0.0,0.0,0.0,0.0
2026-09-26 08:00:00+02:00,57.01271912217769,0.057012719122177695,57.01271912217769,0.057012719122177695,114.02543824435539,0.11402543824435539
2026-09-26 09:00:00+02:00,2140.853112928147,2.1408531129281467,734.5528572348343,0.7345528572348343,2875.4059701629812,2.875405970162981
2026-09-26 10:00:00+02:00,3414.807171327925,3.414807171327925,1949.4064363663972,1.9494064363663972,5364.2136076943225,5.364213607694322
2026-09-26 11:00:00+02:00,4164.174823396236,4.164174823396237,3033.560485000371,3.033560485000371,7197.735308396607,7.197735308396608
2026-09-26 12:00:00+02:00,7308.686367841001,7.308686367841001,5832.133395728768,5.832133395728768,13140.819763569769,13.14081976356977
2026-09-26 13:00:00+02:00,7390.378550499024,7.390378550499023,6953.863987442133,6.9538639874421335,14344.242537941158,14.344242537941156
2026-09-26 14:00:00+02:00,6086.029169201483,6.086029169201483,6631.8933873822825,6.6318933873822825,12717.922556583766,12.717922556583765
2026-09-26 15:00:00+02:00,2511.6081612001267,2.511608161200127,2748.7771474705823,2.7487771474705824,5260.3853086707095,5.26038530867071
2026-09-26 16:00:00+02:00,2081.579557432103,2.0815795574321028,2446.9209828550884,2.4469209828550884,4528.500540287191,4.528500540287191
2026-09-26 17:00:00+02:00,1132.130290522724,1.132130290522724,1321.78413472442,1.3217841347244201,2453.914425247144,2.4539144252471443
2026-09-26 18:00:00+02:00,686.688236154079,0.686688236154079,839.722091372596,0.839722091372596,1526.410327526675,1.526410327526675
2026-09-26 19:00:00+02:00,368.71300991164054,0.3687130099116405,501.5144376340169,0.5015144376340168,870.2274475456575,0.8702274475456573
2026-09-26 20:00:00+02:00,0.0,0.0,0.0,0.0,0.0,0.0
2026-09-26 21:00:00+02:00,0.0,0.0,0.0,0.0,0.0,0.0
2026-09-26 22:00:00+02:00,0.0,0.0,0.0,0.0,0.0,0.0
2026-09-26 23:00:00+02:00,0.0,0.0,0.0,0.0,0.0,0.0
2026-09-27 00:00:00+02:00,0.0,0.0,0.0,0.0,0.0,0.0
2026-09-27 01:00:00+02:00,0.0,0.0,0.0,0.0,0.0,0.0
2026-09-27 02:00:00+02:00,0.0,0.0,0.0,0.0,0.0,0.0
2026-09-27 03:00:00+02:00,0.0,0.0,0.0,0.0,0.0,0.0
2026-09-27 04:00:00+02:00,0.0,0.0,0.0,0.0,0.0,0.0
2026-09-27 05:00:00+02:00,0.0,0.0,0.0,0.0,0.0,0.0
2026-09-27 06:00:00+02:00,0.0,0.0,0.0,0.0,0.0,0.0
2026-09-27 07:00:00+02:00,0.0,0.0,0.0,0.0,0.0,0.0
2026-09-27 08:00:00+02:00,32.75036169619592,0.03275036169619592,32.75036169619592,0.03275036169619592,65.50072339239183,0.06550072339239184
2026-09-27 09:00:00+02:00,2248.563351932222,2.248563351932222,723.7434825264306,0.7237434825264306,2972.3068344586527,2.9723068344586525
2026-09-27 10:00:00+02:00,4945.262639923796,4.945262639923796,2419.2332521724434,2.4192332521724436,7364.49589209624,7.36449589209624
2026-09-27 11:00:00+02:00,6530.739555349434,6.5307395553494345,4237.892586073461,4.23789258607346,10768.632141422895,10.768632141422895
2026-09-27 12:00:00+02:00,6909.481485373171,6.909481485373171,5538.113967480064,5.538113967480064,12447.595452853235,12.447595452853236
2026-09-27 13:00:00+02:00,7092.669801026863,7.0926698010268625,6684.151807944379,6.684151807944379,13776.82160897124,13.776821608971241
2026-09-27 14:00:00+02:00,7108.324008780485,7.108324008780485,7839.709320386159,7.8397093203861585,14948.033329166643,14.948033329166645
2026-09-27 15:00:00+02:00,5720.157918837833,5.720157918837833,7454.546706580438,7.454546706580437,13174.704625418271,13.17470462541827
2026-09-27 16:00:00+02:00,4054.912785668843,4.054912785668843,6425.822526637853,6.4258225266378535,10480.735312306697,10.480735312306695
2026-09-27 17:00:00+02:00,2459.660877496942,2.4596608774969417,5280.983231780385,5.280983231780385,7740.644109277327,7.740644109277326
2026-09-27 18:00:00+02:00,1153.8793434351012,1.1538793434351011,3682.882885827738,3.682882885827738,4836.762229262839,4.836762229262839
2026-09-27 19:00:00+02:00,521.4456890157049,0.521445689015705,1341.2173367333392,1.341217336733339,1862.6630257490442,1.8626630257490442
2026-09-27 20:00:00+02:00,0.0,0.0,0.0,0.0,0.0,0.0
2026-09-27 21:00:00+02:00,0.0,0.0,0.0,0.0,0.0,0.0
2026-09-27 22:00:00+02:00,0.0,0.0,0.0,0.0,0.0,0.0
2026-09-27 23:00:00+02:00,0.0,0.0,0.0,0.0,0.0,0.0
2026-09-28 00:00:00+02:00,0.0,0.0,0.0,0.0,0.0,0.0
2026-09-28 01:00:00+02:00,0.0,0.0,0.0,0.0,0.0,0.0
2026-09-28 02:00:00+02:00,0.0,0.0,0.0,0.0,0.0,0.0
2026-09-28 03:00:00+02:00,0.0,0.0,0.0,0.0,0.0,0.0
2026-09-28 04:00:00+02:00,0.0,0.0,0.0,0.0,0.0,0.0
2026-09-28 05:00:00+02:00,0.0,0.0,0.0,0.0,0.0,0.0
2026-09-28 06:00:00+02:00,0.0,0.0,0.0,0.0,0.0,0.0
2026-09-28 07:00:00+02:00,0.0,0.0,0.0,0.0,0.0,0.0
2026-09-28 08:00:00+02:00,220.8068026699349,0.2208068026699349,0.0,0.0,220.8068026699349,0.2208068026699349
2026-09-28 09:00:00+02:00,2417.6570158835225,2.4176570158835227,561.5436428473384,0.5615436428473385,2979.200658730861,2.979200658730861
2026-09-28 10:00:00+02:00,5164.289543930837,5.1642895439308365,2184.431313001629,2.184431313001629,7348.720856932466,7.348720856932466
2026-09-28 11:00:00+02:00,6443.036127368192,6.443036127368192,4044.4371690749895,4.04443716907499,10487.473296443182,10.48747329644318
2026-09-28 12:00:00+02:00,6793.023392210008,6.793023392210008,5417.32695743353,5.41732695743353,12210.350349643537,12.210350349643537
2026-09-28 13:00:00+02:00,5907.479578568127,5.907479578568127,5629.210789670621,5.629210789670621,11536.69036823875,11.536690368238748
2026-09-28 14:00:00+02:00,5610.945256163182,5.610945256163182,6094.698598279515,6.094698598279515,11705.643854442696,11.705643854442698
2026-09-28 15:00:00+02:00,5424.744180186344,5.4247441801863445,7136.084990995513,7.1360849909955135,12560.829171181857,12.560829171181858
2026-09-28 16:00:00+02:00,3654.190392874587,3.654190392874587,5875.841276367507,5.875841276367507,9530.031669242093,9.530031669242094
2026-09-28 17:00:00+02:00,1489.5154177632928,1.4895154177632928,1607.4777197338897,1.6074777197338896,3096.9931374971825,3.0969931374971824
2026-09-28 18:00:00+02:00,1112.3248552666867,1.1123248552666867,2163.139167866156,2.1631391678661562,3275.464023132843,3.2754640231328427
2026-09-28 19:00:00+02:00,390.1916660534326,0.3901916660534326,706.8481447594272,0.7068481447594273,1097.0398108128597,1.0970398108128598
2026-09-28 20:00:00+02:00,0.0,0.0,0.0,0.0,0.0,0.0
2026-09-28 21:00:00+02:00,0.0,0.0,0.0,0.0,0.0,0.0
2026-09-28 22:00:00+02:00,0.0,0.0,0.0,0.0,0.0,0.0
2026-09-28 23:00:00+02:00,0.0,0.0,0.0,0.0,0.0,0.0
2026-09-29 00:00:00+02:00,0.0,0.0,0.0,0.0,0.0,0.0
2026-09-29 01:00:00+02:00,0.0,0.0,0.0,0.0,0.0,0.0
2026-09-29 02:00:00+02:00,0.0,0.0,0.0,0.0,0.0,0.0
2026-09-29 03:00:00+02:00,0.0,0.0,0.0,0.0,0.0,0.0
2026-09-29 04:00:00+02:00,0.0,0.0,0.0,0.0,0.0,0.0
2026-09-29 05:00:00+02:00,0.0,0.0,0.0,0.0,0.0,0.0
2026-09-29 06:00:00+02:00,0.0,0.0,0.0,0.0,0.0,0.0
2026-09-29 07:00:00+02:00,0.0,0.0,0.0,0.0,0.0,0.0
2026-09-29 08:00:00+02:00,184.62610175926363,0.18462610175926364,0.0,0.0,184.62610175926363,0.18462610175926364
2026-09-29 09:00:00+02:00,3664.014430669676,3.6640144306696762,325.09863124787773,0.32509863124787775,3989.1130619175538,3.989113061917554
2026-09-29 10:00:00+02:00,5438.3814226922495,5.43838142269225,2272.8395054965217,2.272839505496522,7711.220928188772,7.711220928188771
2026-09-29 11:00:00+02:00,6321.425184644708,6.321425184644708,4028.321065110128,4.028321065110128,10349.746249754837,10.349746249754837
2026-09-29 12:00:00+02:00,6462.780724968366,6.462780724968366,5229.55959013076,5.229559590130759,11692.340315099125,11.692340315099125
2026-09-29 13:00:00+02:00,6492.899952752799,6.4928999527528,6149.712325614028,6.149712325614027,12642.612278366827,12.642612278366826
2026-09-29 14:00:00+02:00,6115.537447876112,6.115537447876112,6700.338927999857,6.700338927999858,12815.87637587597,12.81587637587597
2026-09-29 15:00:00+02:00,5386.692912623751,5.386692912623751,7086.13012127492,7.086130121274921,12472.823033898672,12.47282303389867
2026-09-29 16:00:00+02:00,3958.048269801574,3.9580482698015738,6535.814471149826,6.535814471149826,10493.862740951401,10.4938627409514
2026-09-29 17:00:00+02:00,2281.289901921054,2.281289901921054,5347.05100666927,5.347051006669269,7628.340908590324,7.628340908590323
2026-09-29 18:00:00+02:00,1004.6985125102391,1.004698512510239,3411.43101498229,3.41143101498229,4416.129527492529,4.416129527492529
2026-09-29 19:00:00+02:00,284.51961578701895,0.28451961578701895,1465.7471133469428,1.4657471133469429,1750.2667291339617,1.7502667291339618
2026-09-29 20:00:00+02:00,0.0,0.0,0.0,0.0,0.0,0.0
2026-09-29 21:00:00+02:00,0.0,0.0,0.0,0.0,0.0,0.0
2026-09-29 22:00:00+02:00,0.0,0.0,0.0,0.0,0.0,0.0
2026-09-29 23:00:00+02:00,0.0,0.0,0.0,0.0,0.0,0.0
2026-09-30 00:00:00+02:00,0.0,0.0,0.0,0.0,0.0,0.0
2026-09-30 01:00:00+02:00,0.0,0.0,0.0,0.0,0.0,0.0
2026-09-30 02:00:00+02:00,0.0,0.0,0.0,0.0,0.0,0.0
2026-09-30 03:00:00+02:00,0.0,0.0,0.0,0.0,0.0,0.0
2026-09-30 04:00:00+02:00,0.0,0.0,0.0,0.0,0.0,0.0
2026-09-30 05:00:00+02:00,0.0,0.0,0.0,0.0,0.0,0.0
2026-09-30 06:00:00+02:00,0.0,0.0,0.0,0.0,0.0,0.0
2026-09-30 07:00:00+02:00,0.0,0.0,0.0,0.0,0.0,0.0
2026-09-30 08:00:00+02:00,58.89807769335353,0.05889807769335353,0.0,0.0,58.89807769335353,0.05889807769335353
2026-09-30 09:00:00+02:00,2481.7501270475127,2.481750127047513,313.5351247980239,0.3135351247980239,2795.2852518455365,2.7952852518455367
2026-09-30 10:00:00+02:00,4135.935271881742,4.135935271881742,1817.5593763554493,1.8175593763554494,5953.494648237191,5.953494648237191
2026-09-30 11:00:00+02:00,5433.713113898998,5.433713113898998,3441.8523887617193,3.441852388761719,8875.565502660716,8.875565502660717
2026-09-30 12:00:00+02:00,7432.402383828026,7.432402383828026,5693.627459213094,5.6936274592130935,13126.02984304112,13.12602984304112
2026-09-30 13:00:00+02:00,7232.560688969389,7.232560688969389,6769.030139750781,6.769030139750781,14001.590828720171,14.00159082872017
2026-09-30 14:00:00+02:00,6243.910930193462,6.243910930193462,6928.508679352002,6.928508679352002,13172.419609545464,13.172419609545464
2026-09-30 15:00:00+02:00,4581.941645068964,4.581941645068964,5729.248828282749,5.729248828282749,10311.190473351713,10.311190473351713
2026-09-30 16:00:00+02:00,3415.7567222975713,3.415756722297571,4899.183039202923,4.899183039202923,8314.939761500495,8.314939761500494
2026-09-30 17:00:00+02:00,2184.4038984947215,2.1844038984947214,3856.585997313401,3.856585997313401,6040.989895808123,6.0409898958081225
2026-09-30 18:00:00+02:00,1047.5882170094742,1.0475882170094741,2587.121806689227,2.587121806689227,3634.710023698701,3.6347100236987013
2026-09-30 19:00:00+02:00,271.8496831997919,0.2718496831997919,1018.9296199554716,1.0189296199554716,1290.7793031552635,1.2907793031552635
2026-09-30 20:00:00+02:00,0.0,0.0,0.0,0.0,0.0,0.0
2026-09-30 21:00:00+02:00,0.0,0.0,0.0,0.0,0.0,0.0
2026-09-30 22:00:00+02:00,0.0,0.0,0.0,0.0,0.0,0.0
2026-09-30 23:00:00+02:00,0.0,0.0,0.0,0.0,0.0,0.0
2026-10-01 00:00:00+02:00,0.0,0.0,0.0,0.0,0.0,0.0
2026-10-01 01:00:00+02:00,0.0,0.0,0.0,0.0,0.0,0.0
2026-10-01 02:00:00+02:00,0.0,0.0,0.0,0.0,0.0,0.0
2026-10-01 03:00:00+02:00,0.0,0.0,0.0,0.0,0.0,0.0
2026-10-01 04:00:00+02:00,0.0,0.0,0.0,0.0,0.0,0.0
2026-10-01 05:00:00+02:00,0.0,0.0,0.0,0.0,0.0,0.0
2026-10-01 06:00:00+02:00,0.0,0.0,0.0,0.0,0.0,0.0
2026-10-01 07:00:00+02:00,0.0,0.0,0.0,0.0,0.0,0.0
2026-10-01 08:00:00+02:00,0.0,0.0,0.0,0.0,0.0,0.0
2026-10-01 09:00:00+02:00,175.10658121205006,0.17510658121205006,116.57672804544424,0.11657672804544424,291.68330925749433,0.2916833092574943
2026-10-01 10:00:00+02:00,481.45810715600646,0.48145810715600645,433.4640249437904,0.4334640249437904,914.9221320997968,0.9149221320997969
2026-10-01 11:00:00+02:00,776.0418949186884,0.7760418949186884,726.28796095815,0.7262879609581501,1502.3298558768383,1.5023298558768383
2026-10-01 12:00:00+02:00,979.7577447916095,0.9797577447916095,955.541385991974,0.955541385991974,1935.2991307835837,1.9352991307835836
2026-10-01 13:00:00+02:00,1128.6669331303524,1.1286669331303525,1122.7562944184197,1.1227562944184197,2251.423227548772,2.251423227548772
2026-10-01 14:00:00+02:00,1186.5287930387374,1.1865287930387374,1196.4359445976302,1.1964359445976303,2382.9647376363673,2.3829647376363674
2026-10-01 15:00:00+02:00,1300.832876875364,1.300832876875364,1320.3094141367217,1.3203094141367218,2621.1422910120855,2.621142291012086
2026-10-01 16:00:00+02:00,1142.92390452858,1.14292390452858,1165.6970808885324,1.1656970808885323,2308.620985417112,2.3086209854171122
2026-10-01 17:00:00+02:00,867.1699107503268,0.8671699107503268,904.5363697928367,0.9045363697928367,1771.7062805431635,1.7717062805431634
2026-10-01 18:00:00+02:00,494.18404181259154,0.49418404181259157,524.0059745356108,0.5240059745356108,1018.1900163482023,1.0181900163482025
2026-10-01 19:00:00+02:00,103.89498472382392,0.10389498472382393,103.89498472382392,0.10389498472382393,207.78996944764785,0.20778996944764785
2026-10-01 20:00:00+02:00,0.0,0.0,0.0,0.0,0.0,0.0
2026-10-01 21:00:00+02:00,0.0,0.0,0.0,0.0,0.0,0.0
2026-10-01 22:00:00+02:00,0.0,0.0,0.0,0.0,0.0,0.0
2026-10-01 23:00:00+02:00,0.0,0.0,0.0,0.0,0.0,0.0
